timestamp,machine_id,operator_id,engine_hours,fuel_used_l,load_cycles,idling_min,seatbelt,safety_alert
2025-05-01 08:00:00,EXC001,OP1001,1523.5,5.2,12,30,Fastened,No
2025-05-01 10:00:00,EXC001,OP1001,1524.8,3.8,2,55,Unfastened,Yes
2025-05-01 14:00:00,EXC001,OP1001,1526.5,6.1,10,15,Fastened,No
2025-05-02 09:00:00,EXC001,OP1001,1530.2,2.0,1,60,Unfastened,Yes
2026-09-09 08:00:00,EXC001,OP1001,1531.8,4.2,3,59,Unfastened,Yes
2026-09-09 08:00:00,LDR001,OP1003,3121.7,6.3,12,26,Fastened,No
2026-09-09 08:00:00,EXC002,OP1002,843.7,5.7,12,19,Fastened,No
2026-09-09 10:00:00,EXC001,OP1001,1533.5,4.9,11,9,Fastened,No
2026-09-09 10:00:00,LDR001,OP1003,3123.4,5.9,12,28,Fastened,No
2026-09-09 10:00:00,EXC002,OP1002,845.5,4.7,11,11,Fastened,No
2026-09-09 13:00:00,EXC001,OP1001,1535.1,4.5,9,20,Fastened,No
2026-09-09 13:00:00,EXC002,OP1002,847.3,5.8,12,29,Fastened,No
2026-09-09 13:00:00,LDR001,OP1003,3125.2,3.0,1,45,Unfastened,Yes
2026-09-09 15:00:00,EXC001,OP1001,1536.8,4.7,9,24,Fastened,No
2026-09-09 15:00:00,EXC002,OP1002,848.8,6.5,14,20,Fastened,No
2026-09-09 15:00:00,LDR001,OP1003,3127.0,6.5,13,27,Fastened,No
2026-09-10 08:00:00,LDR001,OP1003,3128.6,3.9,9,9,Fastened,No
2026-09-10 08:00:00,EXC001,OP1001,1538.4,3.5,8,12,Fastened,No
2026-09-10 08:00:00,EXC002,OP1002,850.6,5.6,14,13,Unfastened,Yes
2026-09-10 10:00:00,EXC002,OP1002,852.1,3.8,8,16,Fastened,No
2026-09-10 10:00:00,LDR001,OP1003,3130.3,6.4,13,19,Unfastened,Yes
2026-09-10 10:00:00,EXC001,OP1001,1540.0,5.2,13,13,Fastened,No
2026-09-10 13:00:00,LDR001,OP1003,3132.1,4.4,9,14,Fastened,No
2026-09-10 13:00:00,EXC002,OP1002,853.9,5.7,13,20,Fastened,No
2026-09-10 13:00:00,EXC001,OP1001,1541.6,5.4,12,14,Fastened,No
2026-09-10 15:00:00,LDR001,OP1003,3133.6,4.6,9,18,Fastened,No
2026-09-10 15:00:00,EXC002,OP1002,855.4,3.3,3,45,Unfastened,Yes
2026-09-10 15:00:00,EXC001,OP1001,1543.2,4.7,3,65,Unfastened,Yes
2026-09-11 08:00:00,LDR001,OP1003,3135.1,6.1,14,12,Fastened,No
2026-09-11 08:00:00,EXC002,OP1002,857.3,4.5,10,16,Fastened,No
2026-09-11 08:00:00,EXC001,OP1001,1545.1,2.4,0,51,Unfastened,Yes
2026-09-11 10:00:00,EXC001,OP1001,1547.0,6.0,13,16,Unfastened,Yes
2026-09-11 10:00:00,EXC002,OP1002,858.9,5.2,12,12,Fastened,No
2026-09-11 10:00:00,LDR001,OP1003,3136.8,3.9,8,13,Fastened,No
2026-09-11 13:00:00,LDR001,OP1003,3138.5,4.3,10,10,Fastened,No
2026-09-11 13:00:00,EXC002,OP1002,860.7,5.9,13,17,Fastened,No
2026-09-11 13:00:00,EXC001,OP1001,1548.8,6.4,13,24,Fastened,No
2026-09-11 15:00:00,EXC001,OP1001,1550.4,3.3,8,15,Fastened,No
2026-09-11 15:00:00,LDR001,OP1003,3140.0,5.3,10,25,Fastened,No
2026-09-11 15:00:00,EXC002,OP1002,862.4,6.9,14,30,Fastened,No
2026-09-12 08:00:00,EXC001,OP1001,1552.2,3.8,0,70,Unfastened,Yes
2026-09-12 08:00:00,LDR001,OP1003,3141.6,6.3,13,16,Fastened,No
2026-09-12 08:00:00,EXC002,OP1002,864.2,4.9,8,29,Fastened,No
2026-09-12 10:00:00,EXC001,OP1001,1553.7,3.6,3,46,Unfastened,Yes
2026-09-12 10:00:00,LDR001,OP1003,3143.1,6.2,13,21,Fastened,No
2026-09-12 10:00:00,EXC002,OP1002,865.9,5.9,13,11,Unfastened,Yes
2026-09-12 13:00:00,LDR001,OP1003,3145.0,4.5,10,21,Fastened,No
2026-09-12 13:00:00,EXC001,OP1001,1555.3,4.8,11,12,Fastened,No
2026-09-12 13:00:00,EXC002,OP1002,867.4,4.0,8,18,Fastened,No
2026-09-12 15:00:00,EXC002,OP1002,869.2,4.1,8,9,Fastened,No
2026-09-12 15:00:00,LDR001,OP1003,3146.8,5.9,12,26,Fastened,No
2026-09-12 15:00:00,EXC001,OP1001,1557.0,5.9,12,19,Fastened,No
2026-09-13 08:00:00,LDR001,OP1003,3148.6,3.9,8,16,Fastened,No
2026-09-13 08:00:00,EXC002,OP1002,870.7,4.0,8,15,Fastened,No
2026-09-13 08:00:00,EXC001,OP1001,1558.6,4.1,1,74,Fastened,No
2026-09-13 10:00:00,LDR001,OP1003,3150.2,5.4,10,26,Fastened,No
2026-09-13 10:00:00,EXC002,OP1002,872.6,5.1,11,8,Fastened,No
2026-09-13 10:00:00,EXC001,OP1001,1560.3,6.3,14,25,Fastened,No
2026-09-13 13:00:00,LDR001,OP1003,3151.8,5.1,9,28,Fastened,No
2026-09-13 13:00:00,EXC001,OP1001,1562.1,3.7,0,70,Unfastened,Yes
2026-09-13 13:00:00,EXC002,OP1002,874.2,5.6,12,15,Fastened,No
2026-09-13 15:00:00,EXC001,OP1001,1563.8,6.8,14,26,Fastened,No
2026-09-13 15:00:00,EXC002,OP1002,876.1,5.4,13,17,Unfastened,Yes
2026-09-13 15:00:00,LDR001,OP1003,3153.5,5.1,10,11,Fastened,No
2026-09-14 08:00:00,LDR001,OP1003,3155.2,3.4,8,16,Fastened,No
2026-09-14 08:00:00,EXC001,OP1001,1565.6,4.0,2,58,Unfastened,Yes
2026-09-14 08:00:00,EXC002,OP1002,877.7,4.2,9,14,Fastened,No
2026-09-14 10:00:00,LDR001,OP1003,3157.1,4.0,8,10,Fastened,No
2026-09-14 10:00:00,EXC001,OP1001,1567.2,3.4,0,55,Unfastened,Yes
2026-09-14 10:00:00,EXC002,OP1002,879.3,6.2,13,25,Fastened,No
2026-09-14 13:00:00,EXC002,OP1002,881.1,4.6,8,26,Fastened,No
2026-09-14 13:00:00,EXC001,OP1001,1568.9,4.8,3,55,Unfastened,Yes
2026-09-14 13:00:00,LDR001,OP1003,3158.7,6.0,11,28,Fastened,No
2026-09-14 15:00:00,EXC002,OP1002,882.8,6.1,14,11,Fastened,No
2026-09-14 15:00:00,LDR001,OP1003,3160.5,5.3,11,15,Fastened,No
2026-09-14 15:00:00,EXC001,OP1001,1570.5,4.0,0,59,Unfastened,Yes
2026-09-15 08:00:00,EXC001,OP1001,1572.1,3.3,2,48,Unfastened,Yes
2026-09-15 08:00:00,EXC002,OP1002,884.5,3.3,8,17,Fastened,No
2026-09-15 08:00:00,LDR001,OP1003,3162.0,4.2,10,13,Fastened,No
2026-09-15 10:00:00,LDR001,OP1003,3163.9,4.2,3,58,Unfastened,Yes
2026-09-15 10:00:00,EXC002,OP1002,886.2,6.7,13,30,Fastened,No
2026-09-15 10:00:00,EXC001,OP1001,1573.8,4.2,8,16,Fastened,No
2026-09-15 13:00:00,LDR001,OP1003,3165.4,4.5,8,28,Fastened,No
2026-09-15 13:00:00,EXC001,OP1001,1575.7,5.0,11,10,Fastened,No
2026-09-15 13:00:00,EXC002,OP1002,887.8,5.3,12,17,Fastened,No
2026-09-15 15:00:00,EXC001,OP1001,1577.5,5.4,10,24,Fastened,No
2026-09-15 15:00:00,EXC002,OP1002,889.6,6.0,12,27,Fastened,No
2026-09-15 15:00:00,LDR001,OP1003,3167.2,4.7,11,16,Fastened,No
2026-09-16 08:00:00,LDR001,OP1003,3169.0,5.5,12,17,Fastened,No
2026-09-16 08:00:00,EXC002,OP1002,891.5,4.3,9,11,Fastened,No
2026-09-16 08:00:00,EXC001,OP1001,1579.2,4.2,3,58,Unfastened,Yes
2026-09-16 10:00:00,LDR001,OP1003,3170.8,5.1,10,22,Fastened,No
2026-09-16 10:00:00,EXC001,OP1001,1580.8,6.3,13,26,Fastened,No
2026-09-16 10:00:00,EXC002,OP1002,893.2,5.6,12,20,Fastened,No
2026-09-16 13:00:00,LDR001,OP1003,3172.7,6.3,13,27,Fastened,No
2026-09-16 13:00:00,EXC002,OP1002,895.1,5.7,14,15,Fastened,No
2026-09-16 13:00:00,EXC001,OP1001,1582.6,3.3,0,56,Unfastened,Yes
2026-09-16 15:00:00,LDR001,OP1003,3174.3,7.4,14,27,Fastened,No
2026-09-16 15:00:00,EXC001,OP1001,1584.4,4.3,8,13,Fastened,No
2026-09-16 15:00:00,EXC002,OP1002,897.0,5.6,12,19,Fastened,No
2026-09-17 08:00:00,EXC001,OP1001,1586.2,4.7,8,27,Fastened,No
2026-09-17 08:00:00,LDR001,OP1003,3176.0,3.4,0,65,Unfastened,Yes
2026-09-17 08:00:00,EXC002,OP1002,898.5,5.1,8,28,Fastened,No
2026-09-17 10:00:00,EXC001,OP1001,1587.9,4.5,10,14,Fastened,No
2026-09-17 10:00:00,EXC002,OP1002,900.3,6.0,11,26,Fastened,No
2026-09-17 10:00:00,LDR001,OP1003,3177.7,3.5,8,12,Fastened,No
2026-09-17 13:00:00,EXC002,OP1002,902.1,5.7,12,23,Fastened,No
2026-09-17 13:00:00,EXC001,OP1001,1589.6,3.3,1,49,Unfastened,Yes
2026-09-17 13:00:00,LDR001,OP1003,3179.3,4.9,3,72,Unfastened,Yes
2026-09-17 15:00:00,EXC001,OP1001,1591.3,5.9,12,26,Fastened,No
2026-09-17 15:00:00,LDR001,OP1003,3180.9,6.0,13,17,Fastened,No
2026-09-17 15:00:00,EXC002,OP1002,904.0,6.8,13,29,Fastened,No
2026-09-18 08:00:00,EXC001,OP1001,1593.0,4.4,9,17,Fastened,No
2026-09-18 08:00:00,EXC002,OP1002,905.6,5.4,10,31,Fastened,No
2026-09-18 08:00:00,LDR001,OP1003,3182.7,5.9,11,23,Fastened,No
2026-09-18 10:00:00,LDR001,OP1003,3184.2,3.0,0,56,Unfastened,Yes
2026-09-18 10:00:00,EXC001,OP1001,1594.8,5.5,12,21,Fastened,No
2026-09-18 10:00:00,EXC002,OP1002,907.4,3.5,8,10,Fastened,No
2026-09-18 13:00:00,LDR001,OP1003,3185.9,3.4,2,48,Unfastened,Yes
2026-09-18 13:00:00,EXC001,OP1001,1596.6,3.4,1,61,Fastened,No
2026-09-18 13:00:00,EXC002,OP1002,909.3,6.9,13,23,Fastened,No
2026-09-18 15:00:00,LDR001,OP1003,3187.4,3.9,9,13,Fastened,No
2026-09-18 15:00:00,EXC002,OP1002,910.9,5.1,10,20,Fastened,No
2026-09-18 15:00:00,EXC001,OP1001,1598.2,5.4,10,29,Fastened,No
2026-09-19 08:00:00,LDR001,OP1003,3189.2,5.9,12,22,Fastened,No
2026-09-19 08:00:00,EXC002,OP1002,912.5,4.5,11,15,Fastened,No
2026-09-19 08:00:00,EXC001,OP1001,1600.1,4.4,2,63,Unfastened,Yes
2026-09-19 10:00:00,EXC001,OP1001,1601.8,4.7,3,63,Unfastened,Yes
2026-09-19 10:00:00,LDR001,OP1003,3190.8,5.4,11,21,Fastened,No
2026-09-19 10:00:00,EXC002,OP1002,914.3,3.7,8,8,Unfastened,Yes
2026-09-19 13:00:00,LDR001,OP1003,3192.7,3.6,8,20,Fastened,No
2026-09-19 13:00:00,EXC002,OP1002,916.2,5.1,9,25,Fastened,No
2026-09-19 13:00:00,EXC001,OP1001,1603.3,4.3,3,60,Fastened,No
2026-09-19 15:00:00,LDR001,OP1003,3194.5,4.8,9,23,Fastened,No
2026-09-19 15:00:00,EXC001,OP1001,1605.2,4.2,3,58,Fastened,No
2026-09-19 15:00:00,EXC002,OP1002,917.8,6.5,14,20,Fastened,No
2026-09-20 08:00:00,EXC001,OP1001,1607.0,5.7,14,10,Fastened,No
2026-09-20 08:00:00,LDR001,OP1003,3196.2,5.0,10,16,Fastened,No
2026-09-20 08:00:00,EXC002,OP1002,919.7,3.4,8,9,Fastened,No
2026-09-20 10:00:00,EXC001,OP1001,1608.8,3.1,8,14,Fastened,No
2026-09-20 10:00:00,LDR001,OP1003,3197.7,5.4,12,13,Fastened,No
2026-09-20 10:00:00,EXC002,OP1002,921.6,5.2,11,26,Fastened,No
2026-09-20 13:00:00,EXC001,OP1001,1610.3,5.0,12,17,Fastened,No
2026-09-20 13:00:00,LDR001,OP1003,3199.3,4.1,11,9,Fastened,No
2026-09-20 13:00:00,EXC002,OP1002,923.3,5.6,14,11,Fastened,No
2026-09-20 15:00:00,EXC001,OP1001,1611.8,4.6,9,16,Fastened,No
2026-09-20 15:00:00,LDR001,OP1003,3200.9,5.7,13,18,Fastened,No
2026-09-20 15:00:00,EXC002,OP1002,925.1,5.5,14,8,Fastened,No
2026-09-21 08:00:00,LDR001,OP1003,3202.5,4.1,8,13,Fastened,No
2026-09-21 08:00:00,EXC002,OP1002,927.0,4.4,9,20,Fastened,No
2026-09-21 08:00:00,EXC001,OP1001,1613.3,5.7,13,17,Fastened,No
2026-09-21 10:00:00,EXC001,OP1001,1615.0,4.2,2,58,Fastened,No
2026-09-21 10:00:00,EXC002,OP1002,928.7,4.6,9,29,Fastened,No
2026-09-21 10:00:00,LDR001,OP1003,3204.1,4.6,8,22,Fastened,No
2026-09-21 13:00:00,LDR001,OP1003,3205.8,2.8,1,52,Unfastened,Yes
2026-09-21 13:00:00,EXC002,OP1002,930.5,6.6,14,31,Fastened,No
2026-09-21 13:00:00,EXC001,OP1001,1616.6,5.7,10,30,Fastened,No
2026-09-21 15:00:00,EXC002,OP1002,932.1,4.3,9,24,Fastened,No
2026-09-21 15:00:00,EXC001,OP1001,1618.4,5.2,10,21,Fastened,No
2026-09-21 15:00:00,LDR001,OP1003,3207.5,5.4,12,10,Fastened,No
2026-09-22 08:00:00,EXC002,OP1002,934.0,6.0,13,19,Fastened,No
2026-09-22 08:00:00,LDR001,OP1003,3209.4,5.4,12,22,Fastened,No
2026-09-22 08:00:00,EXC001,OP1001,1620.3,5.4,11,18,Fastened,No
2026-09-22 10:00:00,EXC002,OP1002,935.6,4.8,12,10,Fastened,No
2026-09-22 10:00:00,LDR001,OP1003,3211.0,4.2,1,65,Unfastened,Yes
2026-09-22 10:00:00,EXC001,OP1001,1621.9,5.0,9,22,Fastened,No
2026-09-22 13:00:00,EXC001,OP1001,1623.6,4.6,8,25,Fastened,No
2026-09-22 13:00:00,EXC002,OP1002,937.1,5.8,12,30,Fastened,No
2026-09-22 13:00:00,LDR001,OP1003,3212.9,4.5,2,61,Unfastened,Yes
2026-09-22 15:00:00,EXC002,OP1002,939.0,4.1,8,13,Fastened,No
2026-09-22 15:00:00,EXC001,OP1001,1625.1,5.9,12,31,Fastened,No
2026-09-22 15:00:00,LDR001,OP1003,3214.4,4.8,8,20,Fastened,No
